-- Creación de las categorías
INSERT INTO `trivial`.`categorias` (`id_categoria`, `categoria`, `puntuacion_minima`) VALUES ('1', 'Ciencias', '0');
INSERT INTO `trivial`.`categorias` (`id_categoria`, `categoria`, `puntuacion_minima`) VALUES ('2', 'Deportes', '170');
INSERT INTO `trivial`.`categorias` (`id_categoria`, `categoria`, `puntuacion_minima`) VALUES ('3', 'Espectáculo', '380');
INSERT INTO `trivial`.`categorias` (`id_categoria`, `categoria`, `puntuacion_minima`) VALUES ('4', 'Historia', '570');
INSERT INTO `trivial`.`categorias` (`id_categoria`, `categoria`, `puntuacion_minima`) VALUES ('5', 'Geografía', '780');
INSERT INTO `trivial`.`categorias` (`id_categoria`, `categoria`, `puntuacion_minima`) VALUES ('6', 'Literatura', '970');

-- Creación de un usuario administrador y un usuario normal
INSERT INTO `trivial`.`usuarios` VALUES (1,'admin','RG5XQ9GFdMvh4p//uRc8Iw==');
INSERT INTO `trivial`.`usuarios` VALUES (2,'usuario','d7IC8a42ZWFNmdxaP8GZ0Q==');

-- Dar al usuario 'usuario' la puntuación necesaria para que pueda verlo todo
INSERT INTO `trivial`.`puntuacion` (`id_usuario`, `id_categoria`, `puntos`) VALUES ('2', '1', '200');
INSERT INTO `trivial`.`puntuacion` (`id_usuario`, `id_categoria`, `puntos`) VALUES ('2', '2', '200');
INSERT INTO `trivial`.`puntuacion` (`id_usuario`, `id_categoria`, `puntos`) VALUES ('2', '3', '200');
INSERT INTO `trivial`.`puntuacion` (`id_usuario`, `id_categoria`, `puntos`) VALUES ('2', '4', '200');
INSERT INTO `trivial`.`puntuacion` (`id_usuario`, `id_categoria`, `puntos`) VALUES ('2', '5', '200');
INSERT INTO `trivial`.`puntuacion` (`id_usuario`, `id_categoria`, `puntos`) VALUES ('2', '6', '200');

-- Creación de varías preguntas para cada una de las categorías
INSERT INTO `trivial`.`preguntas` (`pregunta`, `correcta`, `incorrecta1`, `incorrecta2`, `incorrecta3`, `incorrecta4`, `id_categoria`) VALUES ('¿A qué elemento pertenece el símbolo Mg?', 'Magnesio', 'Manganeso', 'Meitnerio', 'Molibdeno', 'Mendelevio', '1');
INSERT INTO `trivial`.`preguntas` (`pregunta`, `correcta`, `incorrecta1`, `incorrecta2`, `incorrecta3`, `incorrecta4`, `id_categoria`) VALUES ('¿Qué países se enfrentaron en la Guerra de los Cien Años?', 'Francia e Inglaterra', 'Francia y Alemania', 'Inglaterra y Alemania', 'Francia y Portugal', 'Alemania y Portugal', '4');
INSERT INTO `trivial`.`preguntas` (`pregunta`, `correcta`, `incorrecta1`, `incorrecta2`, `incorrecta3`, `incorrecta4`, `id_categoria`) VALUES ('¿Cuándo nació Internet?', '1983', '1989', '1990', '1995', '1987', '4');
INSERT INTO `trivial`.`preguntas` (`pregunta`, `correcta`, `incorrecta1`, `incorrecta2`, `incorrecta3`, `incorrecta4`, `id_categoria`) VALUES ('¿Quién inventó el teléfono?', 'Antonio Meucci', 'Alexander Graham Bell', 'Albert Einstein', 'Leonardo Da Vinci', 'Wolfgang Amadeus Mozart', '4');
INSERT INTO `trivial`.`preguntas` (`pregunta`, `correcta`, `incorrecta1`, `incorrecta2`, `incorrecta3`, `incorrecta4`, `id_categoria`) VALUES ('¿En qué año se inició la construcción de Notre Dame?', '1163', '1090', '1238', '1176', '1454', '4');
INSERT INTO `trivial`.`preguntas` (`pregunta`, `correcta`, `incorrecta1`, `incorrecta2`, `incorrecta3`, `incorrecta4`, `id_categoria`) VALUES ('¿En qué país se encuentra la península de Yucatán?', 'México', 'Perú', 'Chile', 'Argentina', 'Honduras', '5');
INSERT INTO `trivial`.`preguntas` (`pregunta`, `correcta`, `incorrecta1`, `incorrecta2`, `incorrecta3`, `incorrecta4`, `id_categoria`) VALUES ('¿Cuál es el tamaño aproximado de la línea del ecuador?', '40.000 Km', '50.000 Km', '45.000 Km', '90.000 Km', '37.000 Km', '5');
INSERT INTO `trivial`.`preguntas` (`pregunta`, `correcta`, `incorrecta1`, `incorrecta2`, `incorrecta3`, `incorrecta4`, `id_categoria`) VALUES ('¿Cuál es la capital de Canadá?', 'Ottawa', 'Toronto', 'Quebec', 'Vancouver', 'Montreal', '5');
INSERT INTO `trivial`.`preguntas` (`pregunta`, `correcta`, `incorrecta1`, `incorrecta2`, `incorrecta3`, `incorrecta4`, `id_categoria`) VALUES ('¿Cómo se llaman las partículas que tienen carga eléctrica negativa?', 'Electrón', 'Protón', 'Isótopo', 'Neutrón', 'Ninguna', '1');
INSERT INTO `trivial`.`preguntas` (`pregunta`, `correcta`, `incorrecta1`, `incorrecta2`, `incorrecta3`, `incorrecta4`, `id_categoria`) VALUES ('¿Qué equipo NO ha jugado una Eurocopa?', 'Todos son correctos', 'Brasil', 'Chile', 'Canadá', 'Perú', '2');
INSERT INTO `trivial`.`preguntas` (`pregunta`, `correcta`, `incorrecta1`, `incorrecta2`, `incorrecta3`, `incorrecta4`, `id_categoria`) VALUES ('¿Cómo se llamaba el gato parlante de \'Sabrina\'?', 'Salem', 'Sandro', 'Tom', 'Silvestre', 'Azrael', '3');
INSERT INTO `trivial`.`preguntas` (`pregunta`, `correcta`, `incorrecta1`, `incorrecta2`, `incorrecta3`, `incorrecta4`, `id_categoria`) VALUES ('¿Cómo se llama el actor que interpreta a \'Wade Owen\' en \'Ready Player One\'?', 'Tye Sheridan', 'Win Morisaki', 'Mark Rylance', 'Simon Pegg', 'Ralph Ineson', '3');
INSERT INTO `trivial`.`preguntas` (`pregunta`, `correcta`, `incorrecta1`, `incorrecta2`, `incorrecta3`, `incorrecta4`, `id_categoria`) VALUES ('¿Cuál de estos nombre NO pertenece a la serie \'Pretty Little Liars\' (Pequeñas Mentirosas)?', 'Todas son correctas', 'Aria', 'Hanna', 'Spencer', 'Emily', '3');
INSERT INTO `trivial`.`preguntas` (`pregunta`, `correcta`, `incorrecta1`, `incorrecta2`, `incorrecta3`, `incorrecta4`, `id_categoria`) VALUES ('¿Cuál es el estilo de natación más rápido?', 'Crol', 'Espalda', 'Mariposa', 'Pecho', 'Todos son iguales', '2');
INSERT INTO `trivial`.`preguntas` (`pregunta`, `correcta`, `incorrecta1`, `incorrecta2`, `incorrecta3`, `incorrecta4`, `id_categoria`) VALUES ('¿En qué ciudad española está el estadio de fútbol de \'Helmántico\'?', 'Salamanca', 'Madrid', 'Vitoria', 'Gijón', 'Valladolid', '2');
INSERT INTO `trivial`.`preguntas` (`pregunta`, `correcta`, `incorrecta1`, `incorrecta2`, `incorrecta3`, `incorrecta4`, `id_categoria`) VALUES ('¿Cómo se llama la fuerza que ejerce la Tierra sobre los cuerpos?', 'Gravedad', 'Rozamiento', 'Centrípeta', 'Centrífuga', 'Atracción', '1');
INSERT INTO `trivial`.`preguntas` (`pregunta`, `correcta`, `incorrecta1`, `incorrecta2`, `incorrecta3`, `incorrecta4`, `id_categoria`) VALUES ('¿Dónde realizan las plantas la fotosíntesis?', 'En las hojas', 'En el tallo', 'En la raíz', 'En el aire', 'En las flores', '1');
INSERT INTO `trivial`.`preguntas` (`pregunta`, `correcta`, `incorrecta1`, `incorrecta2`, `incorrecta3`, `incorrecta4`, `id_categoria`) VALUES ('¿Cuál fue el primer libro publicado por Laura Gallego?', 'Finis Mundi', 'Memorias de Idhún', 'Las Crónicas de la Torre', 'La emperatriz de los etéreos', 'Donde los árboles cantan', '6');
INSERT INTO `trivial`.`preguntas` (`pregunta`, `correcta`, `incorrecta1`, `incorrecta2`, `incorrecta3`, `incorrecta4`, `id_categoria`) VALUES ('¿Qué símbolo tiene el Antimonio?', 'Sb', 'Sn', 'Au', 'He', 'Zn', '1');
INSERT INTO `trivial`.`preguntas` (`pregunta`, `correcta`, `incorrecta1`, `incorrecta2`, `incorrecta3`, `incorrecta4`, `id_categoria`) VALUES ('¿Cuál es una de las novelas de Benito Pérez Galdós?', 'Nazarín', 'Fray Perico y su borrico', 'Porta Coeli', 'Cazadores de Sombras', 'La caída de los reinos', '6');
INSERT INTO `trivial`.`preguntas` (`pregunta`, `correcta`, `incorrecta1`, `incorrecta2`, `incorrecta3`, `incorrecta4`, `id_categoria`) VALUES ('¿Qué animal aparece en la bandera de Rohan?', 'Caballo', 'Perro', 'Dragón', 'Conejo', 'Aguila', '3');
INSERT INTO `trivial`.`preguntas` (`pregunta`, `correcta`, `incorrecta1`, `incorrecta2`, `incorrecta3`, `incorrecta4`, `id_categoria`) VALUES ('¿Qué explica Mendel con sus leyes?', 'Genética', 'Evolución', 'Heliocentrismo', 'Relatividad', 'Gravedad', '1');
INSERT INTO `trivial`.`preguntas` (`pregunta`, `correcta`, `incorrecta1`, `incorrecta2`, `incorrecta3`, `incorrecta4`, `id_categoria`) VALUES ('Lugar donde se desarrolla la historia de \'Juego de Tronos\'', 'Poniente', 'Oriente', 'Turquía', 'Marruecos', 'Asgard', '3');
INSERT INTO `trivial`.`preguntas` (`pregunta`, `correcta`, `incorrecta1`, `incorrecta2`, `incorrecta3`, `incorrecta4`, `id_categoria`) VALUES ('¿Cuál es el último Horrocrux que se destruye en las películas de Harry Potter?', 'Nagini', 'Diario', 'Guardapelo', 'Diadema', 'Copa', '3');
INSERT INTO `trivial`.`preguntas` (`pregunta`, `correcta`, `incorrecta1`, `incorrecta2`, `incorrecta3`, `incorrecta4`, `id_categoria`) VALUES ('¿De qué deporte es el longboard una de las modalidades?', 'Skateboard', 'Snowboard', 'Aplinismo', 'Surf', 'Atletismo', '2');
INSERT INTO `trivial`.`preguntas` (`pregunta`, `correcta`, `incorrecta1`, `incorrecta2`, `incorrecta3`, `incorrecta4`, `id_categoria`) VALUES ('¿En cuántos mundiales de fútbol participó la selección de Canadá?', '1', '4', '3', '0', '2', '2');
INSERT INTO `trivial`.`preguntas` (`pregunta`, `correcta`, `incorrecta1`, `incorrecta2`, `incorrecta3`, `incorrecta4`, `id_categoria`) VALUES ('Completa el título de la novela: Ángeles y...', 'Demonios', 'Brujos', 'Huérfanos', 'Ladrones', 'Espejos', '6');
INSERT INTO `trivial`.`preguntas` (`pregunta`, `correcta`, `incorrecta1`, `incorrecta2`, `incorrecta3`, `incorrecta4`, `id_categoria`) VALUES ('¿Cuántos minutos dura cada cuarto de baloncesto?', '10', '15', '20', '17', '25', '2');
INSERT INTO `trivial`.`preguntas` (`pregunta`, `correcta`, `incorrecta1`, `incorrecta2`, `incorrecta3`, `incorrecta4`, `id_categoria`) VALUES ('¿Cuál de estos autores/as NO es sevillano?', 'Carlos Ruiz Zafón', 'Gonzalo Argote de Molina', 'Gustavo Adolfo Bécquer', 'Lara Moreno', 'Mercedes de Velilla', '6');
INSERT INTO `trivial`.`preguntas` (`pregunta`, `correcta`, `incorrecta1`, `incorrecta2`, `incorrecta3`, `incorrecta4`, `id_categoria`) VALUES ('Al descendiente de un asno y una yegua se le conoce como:', 'Mulo', 'Asno', 'Burro', 'Caballo', 'Potro', '1');
INSERT INTO `trivial`.`preguntas` (`pregunta`, `correcta`, `incorrecta1`, `incorrecta2`, `incorrecta3`, `incorrecta4`, `id_categoria`) VALUES ('¿Cómo se llama la ciencia que estudia los fósiles?', 'Paleontología', 'Geología', 'Biología', 'Sociología', 'Astrología', '1');
INSERT INTO `trivial`.`preguntas` (`pregunta`, `correcta`, `incorrecta1`, `incorrecta2`, `incorrecta3`, `incorrecta4`, `id_categoria`) VALUES ('Las especies de seres vivos de divien en reinos. ¿cuántos hay?', '5', '6', '4', '2', '3', '1');
INSERT INTO `trivial`.`preguntas` (`pregunta`, `correcta`, `incorrecta1`, `incorrecta2`, `incorrecta3`, `incorrecta4`, `id_categoria`) VALUES ('¿Cuál es el género literario de la trilogía \'Pídeme lo que quieras\'?', 'Romance/erótico', 'Aventura', 'Misterio', 'Fantasía', 'Histórica', '6');
INSERT INTO `trivial`.`preguntas` (`pregunta`, `correcta`, `incorrecta1`, `incorrecta2`, `incorrecta3`, `incorrecta4`, `id_categoria`) VALUES ('¿Cuál es el nombre completo de Tolkien?', 'John Ronald Reuel Tolkien', 'Jack Ronald Reuel Tolkien', 'Jeremy Ronald Reuel Tolkien', 'Jacob Ronald Reuel Tolkien', 'Jonathan Ronald Reuel Tolkien', '6');
INSERT INTO `trivial`.`preguntas` (`pregunta`, `correcta`, `incorrecta1`, `incorrecta2`, `incorrecta3`, `incorrecta4`, `id_categoria`) VALUES ('¿Cuál de estos países africanos NO tiene costa?', 'Chad', 'Togo', 'Costa de Marfil', 'Namibia', 'Senegal', '5');
INSERT INTO `trivial`.`preguntas` (`pregunta`, `correcta`, `incorrecta1`, `incorrecta2`, `incorrecta3`, `incorrecta4`, `id_categoria`) VALUES ('¿Qué periodo comprende la Segunda Guerra Mundial?', '1939-1945', '1936-1939', '1940-1942', '1939-1944', '1940-1946', '4');
INSERT INTO `trivial`.`preguntas` (`pregunta`, `correcta`, `incorrecta1`, `incorrecta2`, `incorrecta3`, `incorrecta4`, `id_categoria`) VALUES ('¿Qué deporte practican los Harlem Globetrotters?', 'Baloncesto', 'Futbol', 'Balonmano', 'Hockey', 'Baseball', '2');
INSERT INTO `trivial`.`preguntas` (`pregunta`, `correcta`, `incorrecta1`, `incorrecta2`, `incorrecta3`, `incorrecta4`, `id_categoria`) VALUES ('¿En qué país se encuentra el circuito de \'Le Mans\'?', 'Francia', 'España', 'Estados Unidos', 'Alemania', 'Portugal', '2');
INSERT INTO `trivial`.`preguntas` (`pregunta`, `correcta`, `incorrecta1`, `incorrecta2`, `incorrecta3`, `incorrecta4`, `id_categoria`) VALUES ('¿A qué altura está la canasta de baloncesto?', '3.05 metros', '3.09 metro', '3 metros', '3.15 metros', '3.10 metros', '2');
INSERT INTO `trivial`.`preguntas` (`pregunta`, `correcta`, `incorrecta1`, `incorrecta2`, `incorrecta3`, `incorrecta4`, `id_categoria`) VALUES ('Si hablamos del jugador boya, estamos hablando de...', 'Waterpolo', 'Hockey', 'Futbol', 'Baloncesto', 'Balonmano', '2');
INSERT INTO `trivial`.`preguntas` (`pregunta`, `correcta`, `incorrecta1`, `incorrecta2`, `incorrecta3`, `incorrecta4`, `id_categoria`) VALUES ('¿Cómo se llama en tenis un punto de saque directo?', 'Ace', 'Revés', 'Drive', 'Volea', 'Dejada', '2');
INSERT INTO `trivial`.`preguntas` (`pregunta`, `correcta`, `incorrecta1`, `incorrecta2`, `incorrecta3`, `incorrecta4`, `id_categoria`) VALUES ('¿Cómo se llama el antagonista principal de la película de Disney \'El Rey León\'?', 'Scar', 'Nala', 'Kovu', 'Simba', 'Kiara', '3');
INSERT INTO `trivial`.`preguntas` (`pregunta`, `correcta`, `incorrecta1`, `incorrecta2`, `incorrecta3`, `incorrecta4`, `id_categoria`) VALUES ('¿A qué saga de películas pertenece el personaje conocido como Jack Sparrow?', 'Piratas del Caribe', 'Jurassic Park', 'Los Juegos del Hambre', 'Harry Potter', 'Alien', '3');
INSERT INTO `trivial`.`preguntas` (`pregunta`, `correcta`, `incorrecta1`, `incorrecta2`, `incorrecta3`, `incorrecta4`, `id_categoria`) VALUES ('¿Cómo se llama la protagonista de la saga de videojuegos \'The Legend of Zelda\'?', 'Link', 'Zelda', 'Epona', 'Navi', 'Sheik', '3');
INSERT INTO `trivial`.`preguntas` (`pregunta`, `correcta`, `incorrecta1`, `incorrecta2`, `incorrecta3`, `incorrecta4`, `id_categoria`) VALUES ('¿De qué grupo es la canción \'Smells like a teen spirit\'?', 'Nirvana', 'Queen', 'AC/DC', 'Kiss', 'U2', '3');
INSERT INTO `trivial`.`preguntas` (`pregunta`, `correcta`, `incorrecta1`, `incorrecta2`, `incorrecta3`, `incorrecta4`, `id_categoria`) VALUES ('¿Qué símbolo aparece en la bandera Carlista?', 'Cruz de Borgoña', 'Águila bicéfala', 'Parrilla de San Lorenzo', 'Plus Ultra', 'Toisón de Oro', '4');
INSERT INTO `trivial`.`preguntas` (`pregunta`, `correcta`, `incorrecta1`, `incorrecta2`, `incorrecta3`, `incorrecta4`, `id_categoria`) VALUES ('¿Qué batalla tuvo lugar en España el 19 de julio de 1808?', 'Batalla de Bailén', 'Guerra de la Independencia', 'Batalla de Zaragoza', 'Asedio de Sevilla', 'Batalla de Madrid', '4');
INSERT INTO `trivial`.`preguntas` (`pregunta`, `correcta`, `incorrecta1`, `incorrecta2`, `incorrecta3`, `incorrecta4`, `id_categoria`) VALUES ('¿En qué fecha estalló la guerra de Vietnam?', '1 noviembre de 1955', '6 de enero de 1956', '14 de octubre de 1990', '20 de julio de 1939', '2 de diciembre de 1975', '4');
INSERT INTO `trivial`.`preguntas` (`pregunta`, `correcta`, `incorrecta1`, `incorrecta2`, `incorrecta3`, `incorrecta4`, `id_categoria`) VALUES ('¿Quién escribió la \'Trilogía de la Niebla\'?', 'Carlos Ruiz Zafón', 'Ana Todd', 'Pérez-Reverte', 'Paulo Cohelo', 'Gabriel García Márquez', '6');
INSERT INTO `trivial`.`preguntas` (`pregunta`, `correcta`, `incorrecta1`, `incorrecta2`, `incorrecta3`, `incorrecta4`, `id_categoria`) VALUES ('¿En qué año se publicó la primera edición de \'Harry Potter y la Piedra Filosofal\'?', '1997', '1996', '1989', '2000', '1995', '6');
INSERT INTO `trivial`.`preguntas` (`pregunta`, `correcta`, `incorrecta1`, `incorrecta2`, `incorrecta3`, `incorrecta4`, `id_categoria`) VALUES ('¿Qué elemento contienen todos los componentes orgánicos?', 'Carbono', 'Silicio', 'Oxígeno', 'Uranio', 'Nitrógeno', '1');
INSERT INTO `trivial`.`preguntas` (`pregunta`, `correcta`, `incorrecta1`, `incorrecta2`, `incorrecta3`, `incorrecta4`, `id_categoria`) VALUES ('¿Cómo se llamaba el primer perro en viajar al espacio?', 'Laika', 'Milú', 'Snoopy', 'Pongo', 'Golfo', '1');
INSERT INTO `trivial`.`preguntas` (`pregunta`, `correcta`, `incorrecta1`, `incorrecta2`, `incorrecta3`, `incorrecta4`, `id_categoria`) VALUES ('¿Qué país NO es fronterizo a Francia?', 'Paises Bajos', 'Italia', 'España', 'Bélgica', 'Luxemburgo', '5');
INSERT INTO `trivial`.`preguntas` (`pregunta`, `correcta`, `incorrecta1`, `incorrecta2`, `incorrecta3`, `incorrecta4`, `id_categoria`) VALUES ('¿Cuántos países hay en el mundo?', '196', '190', '192', '214', '189', '5');
INSERT INTO `trivial`.`preguntas` (`pregunta`, `correcta`, `incorrecta1`, `incorrecta2`, `incorrecta3`, `incorrecta4`, `id_categoria`) VALUES ('¿Dónde se encuentra el \'Muro de las Lamentaciones\'?', 'Israel', 'Siria', 'Irak', 'Líbano', 'Jordania', '5');
INSERT INTO `trivial`.`preguntas` (`pregunta`, `correcta`, `incorrecta1`, `incorrecta2`, `incorrecta3`, `incorrecta4`, `id_categoria`) VALUES ('¿Cómo se llama el protagonista masculino de \'La vida es sueño\', de Calderón de la Barca?', 'Segismundo', 'Astolfo', 'Clotaldo', 'Basilio', 'Clarín', '6');
INSERT INTO `trivial`.`preguntas` (`pregunta`, `correcta`, `incorrecta1`, `incorrecta2`, `incorrecta3`, `incorrecta4`, `id_categoria`) VALUES ('¿En qué año nació Ana Frank?', '1929', '1920', '1930', '1945', '1915', '6');
INSERT INTO `trivial`.`preguntas` (`pregunta`, `correcta`, `incorrecta1`, `incorrecta2`, `incorrecta3`, `incorrecta4`, `id_categoria`) VALUES ('¿Qué decubrió Marie Curie?', 'Radioactividad', 'Gravedad', 'Relatividad', 'Heliocentrismo', 'Genética', '1');
INSERT INTO `trivial`.`preguntas` (`pregunta`, `correcta`, `incorrecta1`, `incorrecta2`, `incorrecta3`, `incorrecta4`, `id_categoria`) VALUES ('¿Cuándo se celebró el primer Mundial de Fútbol?', '1930', '1934', '1932', '1928', '1936', '2');
INSERT INTO `trivial`.`preguntas` (`pregunta`, `correcta`, `incorrecta1`, `incorrecta2`, `incorrecta3`, `incorrecta4`, `id_categoria`) VALUES ('¿En qué anño ganó Fernando Alonso su primer mundial de Fórmula 1?', '2003', '2004', '2001', '2000', '2008', '2');
INSERT INTO `trivial`.`preguntas` (`pregunta`, `correcta`, `incorrecta1`, `incorrecta2`, `incorrecta3`, `incorrecta4`, `id_categoria`) VALUES ('¿Quién fue el fundador de Sevilla, según la leyenda?', 'Hércules', 'El emperador Adriano', 'Julio César', 'Alejandro Magno', 'Cleopatra', '4');
INSERT INTO `trivial`.`preguntas` (`pregunta`, `correcta`, `incorrecta1`, `incorrecta2`, `incorrecta3`, `incorrecta4`, `id_categoria`) VALUES ('¿Cómo se llamaba la segunda esposa de Enrique VIII?', 'Ana Bolena', 'Catalina de Aragón', 'Juana Seymour', 'Ana de Cléveris', 'Catalina Parr', '4');
INSERT INTO `trivial`.`preguntas` (`pregunta`, `correcta`, `incorrecta1`, `incorrecta2`, `incorrecta3`, `incorrecta4`, `id_categoria`) VALUES ('¿Cuántos hijos tuvo Juana la Loca?', '6', '5', '7', '1', 'Ninguno', '4');
INSERT INTO `trivial`.`preguntas` (`pregunta`, `correcta`, `incorrecta1`, `incorrecta2`, `incorrecta3`, `incorrecta4`, `id_categoria`) VALUES ('¿Quién dirigió \'El club de los poetas muertos\'?', 'Peter Weir', 'Robert Benton', 'Gus van Stan', 'Steven Spielberg', 'Martin Scorsese', '3');
INSERT INTO `trivial`.`preguntas` (`pregunta`, `correcta`, `incorrecta1`, `incorrecta2`, `incorrecta3`, `incorrecta4`, `id_categoria`) VALUES ('¿Quién es la autora de las novelas \'Crepúsculo\'?', 'Stephenie Meyer', 'J.K. Rowling', 'J.R.R. Tolkien', 'Ken Follet', 'C.C. Hunter', '3');
INSERT INTO `trivial`.`preguntas` (`pregunta`, `correcta`, `incorrecta1`, `incorrecta2`, `incorrecta3`, `incorrecta4`, `id_categoria`) VALUES ('¿Cómo se llama el líder de los Autobots en la saga \'Transformers\'?', 'Optimus Prime', 'Bumblebee', 'Megatron', 'Ironhide', 'Ratchet', '3');
INSERT INTO `trivial`.`preguntas` (`pregunta`, `correcta`, `incorrecta1`, `incorrecta2`, `incorrecta3`, `incorrecta4`, `id_categoria`) VALUES ('¿En qué año reconquistó el rey Fernando III la ciudad de Sevilla?', '1248', '1250', '1430', '1385', '1296', '4');
INSERT INTO `trivial`.`preguntas` (`pregunta`, `correcta`, `incorrecta1`, `incorrecta2`, `incorrecta3`, `incorrecta4`, `id_categoria`) VALUES ('¿Quién ganó el mundial de Sudáfrica?', 'España', 'Alemania', 'Brasil', 'Argentina', 'Francia', '2');
INSERT INTO `trivial`.`preguntas` (`pregunta`, `correcta`, `incorrecta1`, `incorrecta2`, `incorrecta3`, `incorrecta4`, `id_categoria`) VALUES ('¿Cuantos cubos 
coloreados hay en el \'Cubo de Rubik\'?', '54', '60', '80', '55', '72', '2');
INSERT INTO `trivial`.`preguntas` (`pregunta`, `correcta`, `incorrecta1`, `incorrecta2`, `incorrecta3`, `incorrecta4`, `id_categoria`) VALUES ('¿Dónde podemos encontrar la guanina, la adenina, la timina y la citosina?', 'ADN', 'ARN', 'ARN-m', 'ARN-t', 'ARN-r', '1');
INSERT INTO `trivial`.`preguntas` (`pregunta`, `correcta`, `incorrecta1`, `incorrecta2`, `incorrecta3`, `incorrecta4`, `id_categoria`) VALUES ('¿Cuántas editoriales rechazaron las novelas de J. K. Rowling?', '10', '11', '13', '9', 'Ninguna', '6');
INSERT INTO `trivial`.`preguntas` (`pregunta`, `correcta`, `incorrecta1`, `incorrecta2`, `incorrecta3`, `incorrecta4`, `id_categoria`) VALUES ('¿Cómo se llama el mundo que crea Tolkien en \'El Silmalirion\'?', 'Arda', 'Erba', 'Middle Earth', 'Isthba', 'Darem', '6');
INSERT INTO `trivial`.`preguntas` (`pregunta`, `correcta`, `incorrecta1`, `incorrecta2`, `incorrecta3`, `incorrecta4`, `id_categoria`) VALUES ('¿Cuál de estas novelas no pertenece a Victor Hugo?', 'Culpa mía', 'Los miserables', 'Nuestra Señora de París', 'El hombre que ríe', 'Noventa y tres', '6');
INSERT INTO `trivial`.`preguntas` (`pregunta`, `correcta`, `incorrecta1`, `incorrecta2`, `incorrecta3`, `incorrecta4`, `id_categoria`) VALUES ('¿Cuál de estas novelas pertenece a Shakespeare?', 'Sueño de una noche de verano', 'La Regenta', 'Culpa mía', 'Taibshe', 'La Selección', '6');
INSERT INTO `trivial`.`preguntas` (`pregunta`, `correcta`, `incorrecta1`, `incorrecta2`, `incorrecta3`, `incorrecta4`, `id_categoria`) VALUES ('¿Alrededor de qué planeta orbitan los satélites Ganímedes, Calisto, Ío y Europa?', 'Júpiter', 'Tierra', 'Saturno', 'Urano', 'Neptuno', '1');
INSERT INTO `trivial`.`preguntas` (`pregunta`, `correcta`, `incorrecta1`, `incorrecta2`, `incorrecta3`, `incorrecta4`, `id_categoria`) VALUES ('¿Cómo se llama el componente mínimo que forma a los seres vivos?', 'Célula', 'Tejido', 'Órgano', 'Partícula', 'Aparato', '1');
INSERT INTO `trivial`.`preguntas` (`pregunta`, `correcta`, `incorrecta1`, `incorrecta2`, `incorrecta3`, `incorrecta4`, `id_categoria`) VALUES ('¿De dónde eran los vikingos?', 'Noruega', 'Suiza', 'Finlandia', 'Alemania', 'Inglaterra', '5');
INSERT INTO `trivial`.`preguntas` (`pregunta`, `correcta`, `incorrecta1`, `incorrecta2`, `incorrecta3`, `incorrecta4`, `id_categoria`) VALUES ('¿Cuál es el océano más profundo?', 'Pacífico', 'Atlántico', 'Índico', 'Ártico', 'Antártico', '5');
INSERT INTO `trivial`.`preguntas` (`pregunta`, `correcta`, `incorrecta1`, `incorrecta2`, `incorrecta3`, `incorrecta4`, `id_categoria`) VALUES ('¿Cuál es la capital de Islandia?', 'Reikjavik', 'Minsk', 'Dublín', 'Riga', 'Oslo', '5');
INSERT INTO `trivial`.`preguntas` (`pregunta`, `correcta`, `incorrecta1`, `incorrecta2`, `incorrecta3`, `incorrecta4`, `id_categoria`) VALUES ('La columna más a la derecha de la tabla periódica esta compuesta por:', 'Gases Nobles', 'Metales', 'No Metales', 'Alcalinos', 'Alcalinoterreos', '1');
INSERT INTO `trivial`.`preguntas` (`pregunta`, `correcta`, `incorrecta1`, `incorrecta2`, `incorrecta3`, `incorrecta4`, `id_categoria`) VALUES ('¿Cuál de estas novelas trata, en otros, el tema de la libertad humana?', 'El mundo como yo lo veo', 'La República', 'La Regenta', 'Casandra', 'Hamlet', '6');
INSERT INTO `trivial`.`preguntas` (`pregunta`, `correcta`, `incorrecta1`, `incorrecta2`, `incorrecta3`, `incorrecta4`, `id_categoria`) VALUES ('Las tres modalidades de la esgrima son: sable, espada y ...', 'Florete', 'Estoque', 'Estilo Libre', 'Katana', 'Falcata', '2');
INSERT INTO `trivial`.`preguntas` (`pregunta`, `correcta`, `incorrecta1`, `incorrecta2`, `incorrecta3`, `incorrecta4`, `id_categoria`) VALUES ('¿Cuántos kilómetros se corren aproximadamente en una maratón?', '42', '45', '50', '25', '39', '2');
INSERT INTO `trivial`.`preguntas` (`pregunta`, `correcta`, `incorrecta1`, `incorrecta2`, `incorrecta3`, `incorrecta4`, `id_categoria`) VALUES ('¿Con cuántos jugadores en pista juega un equipo de voleibol?', '6', '5', '7', '8', '3', '2');
INSERT INTO `trivial`.`preguntas` (`pregunta`, `correcta`, `incorrecta1`, `incorrecta2`, `incorrecta3`, `incorrecta4`, `id_categoria`) VALUES ('¿Cuál es el nombre de la protagonista de \'Como agua para chocolate\'?', 'Tita', 'Rosaura', 'Gertrudis', 'María', 'Elena', '6');
INSERT INTO `trivial`.`preguntas` (`pregunta`, `correcta`, `incorrecta1`, `incorrecta2`, `incorrecta3`, `incorrecta4`, `id_categoria`) VALUES ('¿De cuántos libros se compone la saga \'Cazadores de Sombras\', de Cassandra Clare?', '21', '10', '13', '15', '12', '6');
INSERT INTO `trivial`.`preguntas` (`pregunta`, `correcta`, `incorrecta1`, `incorrecta2`, `incorrecta3`, `incorrecta4`, `id_categoria`) VALUES ('El Sol es:', 'Una estrella', 'Un planeta', 'Un satélite', 'Una galaxia', 'Ninguna es correcta', '1');
INSERT INTO `trivial`.`preguntas` (`pregunta`, `correcta`, `incorrecta1`, `incorrecta2`, `incorrecta3`, `incorrecta4`, `id_categoria`) VALUES ('¿Qué inventó Alfred Nobel, el que da nombre a los famosos premios?', 'La dinamita', 'La penicilina', 'La bomba atómica', 'El telescopio', 'La pasteurización', '1');
INSERT INTO `trivial`.`preguntas` (`pregunta`, `correcta`, `incorrecta1`, `incorrecta2`, `incorrecta3`, `incorrecta4`, `id_categoria`) VALUES ('¿Cómo se llama la protagonista de la trilogía \'Mentes Poderosas\', de Alexandra Bracken?', 'Ruby Daly', 'Lady Jane', 'Kate Connor', 'Molly Daly', 'Sam Dahl', '6');
INSERT INTO `trivial`.`preguntas` (`pregunta`, `correcta`, `incorrecta1`, `incorrecta2`, `incorrecta3`, `incorrecta4`, `id_categoria`) VALUES ('¿Cuándo fue ratificada la Constitución de los Estados Unidos?', '21 de junio de 1788', '8 de marzo de1790', '13 de abril de 1788', '27 de mayo de 1760', '4 de diciembre de 1776', '4');
INSERT INTO `trivial`.`preguntas` (`pregunta`, `correcta`, `incorrecta1`, `incorrecta2`, `incorrecta3`, `incorrecta4`, `id_categoria`) VALUES ('¿Cuándo es verano en el hemisferio sur?', 'Diciembre a Marzo', 'Junio a Septiembre', 'Septiembre a Diciembre', 'Enero a Abril', 'Julio a Octubre', '5');
INSERT INTO `trivial`.`preguntas` (`pregunta`, `correcta`, `incorrecta1`, `incorrecta2`, `incorrecta3`, `incorrecta4`, `id_categoria`) VALUES ('¿Cuál es la capital de Corea del Sur?', 'Seúl', 'Busán', 'Jeonju', 'Suwon', 'Singapur', '5');
INSERT INTO `trivial`.`preguntas` (`pregunta`, `correcta`, `incorrecta1`, `incorrecta2`, `incorrecta3`, `incorrecta4`, `id_categoria`) VALUES ('¿Cómo se llama el patriarca de la casa Stark en la serie \'Juego de Tronos\'?', 'Eddard Stark', 'Liam Stark', 'Peter Stark', 'Rickon Stark', 'Benjen Stark', '3');
INSERT INTO `trivial`.`preguntas` (`pregunta`, `correcta`, `incorrecta1`, `incorrecta2`, `incorrecta3`, `incorrecta4`, `id_categoria`) VALUES ('¿Con qué película ganó su primer Oscar el actor Leonardo DiCaprio?', 'El Renacido', 'El lobo de Wall Street', 'El Aviador', 'J. Edgar', 'Titanic', '3');
INSERT INTO `trivial`.`preguntas` (`pregunta`, `correcta`, `incorrecta1`, `incorrecta2`, `incorrecta3`, `incorrecta4`, `id_categoria`) VALUES ('Además de protagonizar \'Bonnie y Clyde\', en la película Warren Beatty también ejerció de...', 'Productor', 'Guionista', 'Compositor', 'Director', 'Fotógrafo', '3');
INSERT INTO `trivial`.`preguntas` (`pregunta`, `correcta`, `incorrecta1`, `incorrecta2`, `incorrecta3`, `incorrecta4`, `id_categoria`) VALUES ('¿Cómo se llama el vecino de Andy en la película \'Toy Story\'?', 'Sid', 'Max', 'Karl', 'Tommy', 'Nathan', '3');
INSERT INTO `trivial`.`preguntas` (`pregunta`, `correcta`, `incorrecta1`, `incorrecta2`, `incorrecta3`, `incorrecta4`, `id_categoria`) VALUES ('¿A qué partido pertenecía Calvo Sotelo?', 'Renovación Española', 'Unión Democrática', 'Partido Popular', 'Unidas Podemos', 'Partido Socialista', '4');
INSERT INTO `trivial`.`preguntas` (`pregunta`, `correcta`, `incorrecta1`, `incorrecta2`, `incorrecta3`, `incorrecta4`, `id_categoria`) VALUES ('¿Cuándo se produjo el golpe de Estado de Tejero?', '23 de febrero de 1981', '4 de julio de 1978', '15 de enero de 1981', '7 de agosto de 1980', '30 de diciembre de 1979', '4');
INSERT INTO `trivial`.`preguntas` (`pregunta`, `correcta`, `incorrecta1`, `incorrecta2`, `incorrecta3`, `incorrecta4`, `id_categoria`) VALUES ('¿Cuántos distritos hay en \'Los Juegos del Hambre\', de Suzanne Collins?', 'Trece', 'Doce', 'Once', 'Quince', 'Diez', '6');
INSERT INTO `trivial`.`preguntas` (`pregunta`, `correcta`, `incorrecta1`, `incorrecta2`, `incorrecta3`, `incorrecta4`, `id_categoria`) VALUES ('¿Cómo se llama la espada que porta Jack en \'Memorias de Idhún\', de Laura Gallego?', 'Domivat', 'Haiass', 'Sumlaris', 'Ayshel', 'Yandrak', '6');
INSERT INTO `trivial`.`preguntas` (`pregunta`, `correcta`, `incorrecta1`, `incorrecta2`, `incorrecta3`, `incorrecta4`, `id_categoria`) VALUES ('¿En qué año se publicó \'El Principito?\'', '1943', '1938', '1940', '1952', '1945', '6');
INSERT INTO `trivial`.`preguntas` (`pregunta`, `correcta`, `incorrecta1`, `incorrecta2`, `incorrecta3`, `incorrecta4`, `id_categoria`) VALUES ('¿Cuál es la principal función de los globulos rojos?', 'Transportar oxígeno', 'Coagular la sangre', 'Combatir enfermedades', 'Limpiar la sangre', 'Todas son correctas', '1');
INSERT INTO `trivial`.`preguntas` (`pregunta`, `correcta`, `incorrecta1`, `incorrecta2`, `incorrecta3`, `incorrecta4`, `id_categoria`) VALUES ('¿Qué tipo de radiación te produce quemaduras?', 'Ultravioleta', 'Rayos-X', 'Infrarrojos', 'Rayos-Gamma', 'Rayos-Alfa', '1');
INSERT INTO `trivial`.`preguntas` (`pregunta`, `correcta`, `incorrecta1`, `incorrecta2`, `incorrecta3`, `incorrecta4`, `id_categoria`) VALUES ('En natación, ¿cuánto mide de largo una piscina de competición para olimpiadas y mundiales?', '50 metros', '25 metros', '30 metros', '35 metros', '40 metros', '2');
INSERT INTO `trivial`.`preguntas` (`pregunta`, `correcta`, `incorrecta1`, `incorrecta2`, `incorrecta3`, `incorrecta4`, `id_categoria`) VALUES ('¿Dónde nació Mahoma?', 'La Meca', 'Jerusalén', 'Irán', 'Irak', 'Tánger', '4');
INSERT INTO `trivial`.`preguntas` (`pregunta`, `correcta`, `incorrecta1`, `incorrecta2`, `incorrecta3`, `incorrecta4`, `id_categoria`) VALUES ('¿Qué océano se encuentra en la Costa Este de los Estados Unidos?', 'Atlántico', 'Pacífico', 'Índico', 'Ártico', 'Antártico', '5');
INSERT INTO `trivial`.`preguntas` (`pregunta`, `correcta`, `incorrecta1`, `incorrecta2`, `incorrecta3`, `incorrecta4`, `id_categoria`) VALUES ('¿Cuál es la montaña más alta del mundo?', 'Everest', 'Kilimanjaro', 'Makalu', 'K2', 'Mont Blanc', '5');
INSERT INTO `trivial`.`preguntas` (`pregunta`, `correcta`, `incorrecta1`, `incorrecta2`, `incorrecta3`, `incorrecta4`, `id_categoria`) VALUES ('¿Cuál es el país que tiene menor extensión territorial?', 'Vaticano', 'Monaco', 'Luxemburgo', 'Chipre', 'Maine', '5');
INSERT INTO `trivial`.`preguntas` (`pregunta`, `correcta`, `incorrecta1`, `incorrecta2`, `incorrecta3`, `incorrecta4`, `id_categoria`) VALUES ('¿Cómo se llama el actual emperador japonés?', 'Naruhito', 'Takashi', 'Yamazaki', 'Touya', 'Yukito', '4');
INSERT INTO `trivial`.`preguntas` (`pregunta`, `correcta`, `incorrecta1`, `incorrecta2`, `incorrecta3`, `incorrecta4`, `id_categoria`) VALUES ('¿Quién declaró la independencia de Argetina de 1816?', 'Congreso de Tucumán', 'Asamblea de Buenos Aires', 'Senado Argentino', 'Casa Rosada', 'Unión Argentina', '4');
INSERT INTO `trivial`.`preguntas` (`pregunta`, `correcta`, `incorrecta1`, `incorrecta2`, `incorrecta3`, `incorrecta4`, `id_categoria`) VALUES ('¿A qué distancia está el punto de penalty de la portería en fútbol?', '11 metros', '12 metros', '9.15 metros', '10 metros', '8 metros', '2');
INSERT INTO `trivial`.`preguntas` (`pregunta`, `correcta`, `incorrecta1`, `incorrecta2`, `incorrecta3`, `incorrecta4`, `id_categoria`) VALUES ('¿En qué país nació el protestantismo?', 'Alemania', 'Italia', 'Francia', 'Bélgica', 'España', '4');
INSERT INTO `trivial`.`preguntas` (`pregunta`, `correcta`, `incorrecta1`, `incorrecta2`, `incorrecta3`, `incorrecta4`, `id_categoria`) VALUES ('¿En qué año viajó el primer hombre a la Luna?', '1969', '1968', '1970', '1988', '1966', '4');
INSERT INTO `trivial`.`preguntas` (`pregunta`, `correcta`, `incorrecta1`, `incorrecta2`, `incorrecta3`, `incorrecta4`, `id_categoria`) VALUES ('¿Cuál es la capital de Malasia?', 'Kuala Lumpur', 'Suria', 'Abdul Samad', 'Seúl', 'Malaca', '5');
INSERT INTO `trivial`.`preguntas` (`pregunta`, `correcta`, `incorrecta1`, `incorrecta2`, `incorrecta3`, `incorrecta4`, `id_categoria`) VALUES ('¿Cuál es el río de mayor longitud en el mundo?', 'Amazonas', 'Nilo', 'Negro', 'Misisipi', 'Turia', '5');
INSERT INTO `trivial`.`preguntas` (`pregunta`, `correcta`, `incorrecta1`, `incorrecta2`, `incorrecta3`, `incorrecta4`, `id_categoria`) VALUES ('¿Cuál es el país más pequeño de Asia?', 'Maldiva', 'Laos', 'Tubalu', 'Nauru', 'Nepal', '5');
INSERT INTO `trivial`.`preguntas` (`pregunta`, `correcta`, `incorrecta1`, `incorrecta2`, `incorrecta3`, `incorrecta4`, `id_categoria`) VALUES ('¿Cómo se llama la ciudad donde se encuentra el Mago de Oz?', 'Ciudad Esmeralda', 'Ciudad Rubí', 'Ciudad Escarlata', 'Ciudad de Oz', 'Ciudad Zafiro', '3');
INSERT INTO `trivial`.`preguntas` (`pregunta`, `correcta`, `incorrecta1`, `incorrecta2`, `incorrecta3`, `incorrecta4`, `id_categoria`) VALUES ('¿Qué conocido cómico imitó a Hitler en la película \'El Gran Dictador\'?', 'Charles Chaplin', 'Jerry Lewis', 'Groucho Marx', 'Stan Laurel', 'Jim Carrey', '3');
INSERT INTO `trivial`.`preguntas` (`pregunta`, `correcta`, `incorrecta1`, `incorrecta2`, `incorrecta3`, `incorrecta4`, `id_categoria`) VALUES ('¿A quién 
interpretaba John Travolta en \'Grease\'?', 'Danny Zuko', 'Kenickie', 'Doody', 'Putzie', 'Balmudo', '3');
INSERT INTO `trivial`.`preguntas` (`pregunta`, `correcta`, `incorrecta1`, `incorrecta2`, `incorrecta3`, `incorrecta4`, `id_categoria`) VALUES ('¿Qué país africano fue antigua colonia española?', 'Guinea Ecuatorial', 'R.D. del Congo', 'Etiopia', 'Sudáfrica', 'Egipto', '5');
INSERT INTO `trivial`.`preguntas` (`pregunta`, `correcta`, `incorrecta1`, `incorrecta2`, `incorrecta3`, `incorrecta4`, `id_categoria`) VALUES ('¿Qué accidente geográfico se define como una pendiente vertical abrupta?', 'Acantilado', 'Barranco', 'Montaña', 'Puente Natural', 'Cara', '5');
